"","x"
"Pr.NoneAbove",0.905975279905413
"PARA_1",0.952744612311815
"PARA_3",0.883853735288606
"RSV",0.962122345105268
"PNEU",0.973613221969597
"HMPV_A_B",0.912214726464178
"bs_tpr[1]",0.139042806119057
"bs_tpr[2]",0.101240130840053
"bs_tpr[3]",0.241594100298965
"bs_tpr[4]",0.762084848666509
"bs_tpr[5]",0.150157965976711
"ss_tpr[1]",0.0619329218957608
"ss_tpr[2]",0.0623324696118156
"ss_tpr[3]",0.0211075945855066
"ss_tpr[4]",0.371256382640027
"ss_tpr[5]",0.0276159293527171
"bs_fpr[1]",0.988422921218133
"bs_fpr[2]",0.984669779208168
"bs_fpr[3]",0.955677307850745
"bs_fpr[4]",0.993642310233821
"bs_fpr[5]",0.996586067820309
